Title,Description,Labels
"Review ES6+ syntax (let, const, template literals).","**Date:** 2024-11-20
**Module:** Core Foundations in JavaScript & TypeScript
**Topic:** JavaScript Essentials",Core Foundations in JavaScript & TypeScript
"Practice destructuring, spread/rest operators.","**Date:** 2024-11-20
**Module:** Core Foundations in JavaScript & TypeScript
**Topic:** JavaScript Essentials",Core Foundations in JavaScript & TypeScript
Build a mini-project manipulating the DOM.,"**Date:** 2024-11-20
**Module:** Core Foundations in JavaScript & TypeScript
**Topic:** JavaScript Essentials",Core Foundations in JavaScript & TypeScript
Learn async JavaScript using Promises and async/await.,"**Date:** 2024-11-20
**Module:** Core Foundations in JavaScript & TypeScript
**Topic:** JavaScript Essentials",Core Foundations in JavaScript & TypeScript
"Review ES6+ syntax (let, const, template literals).","**Date:** 2024-11-21
**Module:** Core Foundations in JavaScript & TypeScript
**Topic:** JavaScript Essentials",Core Foundations in JavaScript & TypeScript
"Practice destructuring, spread/rest operators.","**Date:** 2024-11-21
**Module:** Core Foundations in JavaScript & TypeScript
**Topic:** JavaScript Essentials",Core Foundations in JavaScript & TypeScript
Build a mini-project manipulating the DOM.,"**Date:** 2024-11-21
**Module:** Core Foundations in JavaScript & TypeScript
**Topic:** JavaScript Essentials",Core Foundations in JavaScript & TypeScript
Learn async JavaScript using Promises and async/await.,"**Date:** 2024-11-21
**Module:** Core Foundations in JavaScript & TypeScript
**Topic:** JavaScript Essentials",Core Foundations in JavaScript & TypeScript
"Review ES6+ syntax (let, const, template literals).","**Date:** 2024-11-22
**Module:** Core Foundations in JavaScript & TypeScript
**Topic:** JavaScript Essentials",Core Foundations in JavaScript & TypeScript
"Practice destructuring, spread/rest operators.","**Date:** 2024-11-22
**Module:** Core Foundations in JavaScript & TypeScript
**Topic:** JavaScript Essentials",Core Foundations in JavaScript & TypeScript
Build a mini-project manipulating the DOM.,"**Date:** 2024-11-22
**Module:** Core Foundations in JavaScript & TypeScript
**Topic:** JavaScript Essentials",Core Foundations in JavaScript & TypeScript
Learn async JavaScript using Promises and async/await.,"**Date:** 2024-11-22
**Module:** Core Foundations in JavaScript & TypeScript
**Topic:** JavaScript Essentials",Core Foundations in JavaScript & TypeScript
"Review ES6+ syntax (let, const, template literals).","**Date:** 2024-11-23
**Module:** Core Foundations in JavaScript & TypeScript
**Topic:** JavaScript Essentials",Core Foundations in JavaScript & TypeScript
"Practice destructuring, spread/rest operators.","**Date:** 2024-11-23
**Module:** Core Foundations in JavaScript & TypeScript
**Topic:** JavaScript Essentials",Core Foundations in JavaScript & TypeScript
Build a mini-project manipulating the DOM.,"**Date:** 2024-11-23
**Module:** Core Foundations in JavaScript & TypeScript
**Topic:** JavaScript Essentials",Core Foundations in JavaScript & TypeScript
Learn async JavaScript using Promises and async/await.,"**Date:** 2024-11-23
**Module:** Core Foundations in JavaScript & TypeScript
**Topic:** JavaScript Essentials",Core Foundations in JavaScript & TypeScript
"Review ES6+ syntax (let, const, template literals).","**Date:** 2024-11-24
**Module:** Core Foundations in JavaScript & TypeScript
**Topic:** JavaScript Essentials",Core Foundations in JavaScript & TypeScript
"Practice destructuring, spread/rest operators.","**Date:** 2024-11-24
**Module:** Core Foundations in JavaScript & TypeScript
**Topic:** JavaScript Essentials",Core Foundations in JavaScript & TypeScript
Build a mini-project manipulating the DOM.,"**Date:** 2024-11-24
**Module:** Core Foundations in JavaScript & TypeScript
**Topic:** JavaScript Essentials",Core Foundations in JavaScript & TypeScript
Learn async JavaScript using Promises and async/await.,"**Date:** 2024-11-24
**Module:** Core Foundations in JavaScript & TypeScript
**Topic:** JavaScript Essentials",Core Foundations in JavaScript & TypeScript
"Review ES6+ syntax (let, const, template literals).","**Date:** 2024-11-25
**Module:** Core Foundations in JavaScript & TypeScript
**Topic:** JavaScript Essentials",Core Foundations in JavaScript & TypeScript
"Practice destructuring, spread/rest operators.","**Date:** 2024-11-25
**Module:** Core Foundations in JavaScript & TypeScript
**Topic:** JavaScript Essentials",Core Foundations in JavaScript & TypeScript
Build a mini-project manipulating the DOM.,"**Date:** 2024-11-25
**Module:** Core Foundations in JavaScript & TypeScript
**Topic:** JavaScript Essentials",Core Foundations in JavaScript & TypeScript
Learn async JavaScript using Promises and async/await.,"**Date:** 2024-11-25
**Module:** Core Foundations in JavaScript & TypeScript
**Topic:** JavaScript Essentials",Core Foundations in JavaScript & TypeScript
"Review ES6+ syntax (let, const, template literals).","**Date:** 2024-11-26
**Module:** Core Foundations in JavaScript & TypeScript
**Topic:** JavaScript Essentials",Core Foundations in JavaScript & TypeScript
"Practice destructuring, spread/rest operators.","**Date:** 2024-11-26
**Module:** Core Foundations in JavaScript & TypeScript
**Topic:** JavaScript Essentials",Core Foundations in JavaScript & TypeScript
Build a mini-project manipulating the DOM.,"**Date:** 2024-11-26
**Module:** Core Foundations in JavaScript & TypeScript
**Topic:** JavaScript Essentials",Core Foundations in JavaScript & TypeScript
Learn async JavaScript using Promises and async/await.,"**Date:** 2024-11-26
**Module:** Core Foundations in JavaScript & TypeScript
**Topic:** JavaScript Essentials",Core Foundations in JavaScript & TypeScript
"Learn core TypeScript concepts: types, interfaces, and enums.","**Date:** 2024-11-27
**Module:** Core Foundations in JavaScript & TypeScript
**Topic:** TypeScript Basics",Core Foundations in JavaScript & TypeScript
Write type-safe functions and classes.,"**Date:** 2024-11-27
**Module:** Core Foundations in JavaScript & TypeScript
**Topic:** TypeScript Basics",Core Foundations in JavaScript & TypeScript
Integrate TypeScript with JavaScript libraries.,"**Date:** 2024-11-27
**Module:** Core Foundations in JavaScript & TypeScript
**Topic:** TypeScript Basics",Core Foundations in JavaScript & TypeScript
Convert JavaScript projects into TypeScript.,"**Date:** 2024-11-27
**Module:** Core Foundations in JavaScript & TypeScript
**Topic:** TypeScript Basics",Core Foundations in JavaScript & TypeScript
"Learn core TypeScript concepts: types, interfaces, and enums.","**Date:** 2024-11-28
**Module:** Core Foundations in JavaScript & TypeScript
**Topic:** TypeScript Basics",Core Foundations in JavaScript & TypeScript
Write type-safe functions and classes.,"**Date:** 2024-11-28
**Module:** Core Foundations in JavaScript & TypeScript
**Topic:** TypeScript Basics",Core Foundations in JavaScript & TypeScript
Integrate TypeScript with JavaScript libraries.,"**Date:** 2024-11-28
**Module:** Core Foundations in JavaScript & TypeScript
**Topic:** TypeScript Basics",Core Foundations in JavaScript & TypeScript
Convert JavaScript projects into TypeScript.,"**Date:** 2024-11-28
**Module:** Core Foundations in JavaScript & TypeScript
**Topic:** TypeScript Basics",Core Foundations in JavaScript & TypeScript
"Learn core TypeScript concepts: types, interfaces, and enums.","**Date:** 2024-11-29
**Module:** Core Foundations in JavaScript & TypeScript
**Topic:** TypeScript Basics",Core Foundations in JavaScript & TypeScript
Write type-safe functions and classes.,"**Date:** 2024-11-29
**Module:** Core Foundations in JavaScript & TypeScript
**Topic:** TypeScript Basics",Core Foundations in JavaScript & TypeScript
Integrate TypeScript with JavaScript libraries.,"**Date:** 2024-11-29
**Module:** Core Foundations in JavaScript & TypeScript
**Topic:** TypeScript Basics",Core Foundations in JavaScript & TypeScript
Convert JavaScript projects into TypeScript.,"**Date:** 2024-11-29
**Module:** Core Foundations in JavaScript & TypeScript
**Topic:** TypeScript Basics",Core Foundations in JavaScript & TypeScript
"Learn core TypeScript concepts: types, interfaces, and enums.","**Date:** 2024-11-30
**Module:** Core Foundations in JavaScript & TypeScript
**Topic:** TypeScript Basics",Core Foundations in JavaScript & TypeScript
Write type-safe functions and classes.,"**Date:** 2024-11-30
**Module:** Core Foundations in JavaScript & TypeScript
**Topic:** TypeScript Basics",Core Foundations in JavaScript & TypeScript
Integrate TypeScript with JavaScript libraries.,"**Date:** 2024-11-30
**Module:** Core Foundations in JavaScript & TypeScript
**Topic:** TypeScript Basics",Core Foundations in JavaScript & TypeScript
Convert JavaScript projects into TypeScript.,"**Date:** 2024-11-30
**Module:** Core Foundations in JavaScript & TypeScript
**Topic:** TypeScript Basics",Core Foundations in JavaScript & TypeScript
"Learn core TypeScript concepts: types, interfaces, and enums.","**Date:** 2024-12-01
**Module:** Core Foundations in JavaScript & TypeScript
**Topic:** TypeScript Basics",Core Foundations in JavaScript & TypeScript
Write type-safe functions and classes.,"**Date:** 2024-12-01
**Module:** Core Foundations in JavaScript & TypeScript
**Topic:** TypeScript Basics",Core Foundations in JavaScript & TypeScript
Integrate TypeScript with JavaScript libraries.,"**Date:** 2024-12-01
**Module:** Core Foundations in JavaScript & TypeScript
**Topic:** TypeScript Basics",Core Foundations in JavaScript & TypeScript
Convert JavaScript projects into TypeScript.,"**Date:** 2024-12-01
**Module:** Core Foundations in JavaScript & TypeScript
**Topic:** TypeScript Basics",Core Foundations in JavaScript & TypeScript
"Learn core TypeScript concepts: types, interfaces, and enums.","**Date:** 2024-12-02
**Module:** Core Foundations in JavaScript & TypeScript
**Topic:** TypeScript Basics",Core Foundations in JavaScript & TypeScript
Write type-safe functions and classes.,"**Date:** 2024-12-02
**Module:** Core Foundations in JavaScript & TypeScript
**Topic:** TypeScript Basics",Core Foundations in JavaScript & TypeScript
Integrate TypeScript with JavaScript libraries.,"**Date:** 2024-12-02
**Module:** Core Foundations in JavaScript & TypeScript
**Topic:** TypeScript Basics",Core Foundations in JavaScript & TypeScript
Convert JavaScript projects into TypeScript.,"**Date:** 2024-12-02
**Module:** Core Foundations in JavaScript & TypeScript
**Topic:** TypeScript Basics",Core Foundations in JavaScript & TypeScript
"Learn core TypeScript concepts: types, interfaces, and enums.","**Date:** 2024-12-03
**Module:** Core Foundations in JavaScript & TypeScript
**Topic:** TypeScript Basics",Core Foundations in JavaScript & TypeScript
Write type-safe functions and classes.,"**Date:** 2024-12-03
**Module:** Core Foundations in JavaScript & TypeScript
**Topic:** TypeScript Basics",Core Foundations in JavaScript & TypeScript
Integrate TypeScript with JavaScript libraries.,"**Date:** 2024-12-03
**Module:** Core Foundations in JavaScript & TypeScript
**Topic:** TypeScript Basics",Core Foundations in JavaScript & TypeScript
Convert JavaScript projects into TypeScript.,"**Date:** 2024-12-03
**Module:** Core Foundations in JavaScript & TypeScript
**Topic:** TypeScript Basics",Core Foundations in JavaScript & TypeScript
"Install and configure Node.js, npm, and Webpack.","**Date:** 2024-12-04
**Module:** Core Foundations in JavaScript & TypeScript
**Topic:** Build Tools & Git",Core Foundations in JavaScript & TypeScript
"Learn Git basics: branching, merging, and resolving conflicts.","**Date:** 2024-12-04
**Module:** Core Foundations in JavaScript & TypeScript
**Topic:** Build Tools & Git",Core Foundations in JavaScript & TypeScript
Practice committing and pushing code to GitHub.,"**Date:** 2024-12-04
**Module:** Core Foundations in JavaScript & TypeScript
**Topic:** Build Tools & Git",Core Foundations in JavaScript & TypeScript
Set up a reusable starter project template.,"**Date:** 2024-12-04
**Module:** Core Foundations in JavaScript & TypeScript
**Topic:** Build Tools & Git",Core Foundations in JavaScript & TypeScript
"Install and configure Node.js, npm, and Webpack.","**Date:** 2024-12-05
**Module:** Core Foundations in JavaScript & TypeScript
**Topic:** Build Tools & Git",Core Foundations in JavaScript & TypeScript
"Learn Git basics: branching, merging, and resolving conflicts.","**Date:** 2024-12-05
**Module:** Core Foundations in JavaScript & TypeScript
**Topic:** Build Tools & Git",Core Foundations in JavaScript & TypeScript
Practice committing and pushing code to GitHub.,"**Date:** 2024-12-05
**Module:** Core Foundations in JavaScript & TypeScript
**Topic:** Build Tools & Git",Core Foundations in JavaScript & TypeScript
Set up a reusable starter project template.,"**Date:** 2024-12-05
**Module:** Core Foundations in JavaScript & TypeScript
**Topic:** Build Tools & Git",Core Foundations in JavaScript & TypeScript
"Install and configure Node.js, npm, and Webpack.","**Date:** 2024-12-06
**Module:** Core Foundations in JavaScript & TypeScript
**Topic:** Build Tools & Git",Core Foundations in JavaScript & TypeScript
"Learn Git basics: branching, merging, and resolving conflicts.","**Date:** 2024-12-06
**Module:** Core Foundations in JavaScript & TypeScript
**Topic:** Build Tools & Git",Core Foundations in JavaScript & TypeScript
Practice committing and pushing code to GitHub.,"**Date:** 2024-12-06
**Module:** Core Foundations in JavaScript & TypeScript
**Topic:** Build Tools & Git",Core Foundations in JavaScript & TypeScript
Set up a reusable starter project template.,"**Date:** 2024-12-06
**Module:** Core Foundations in JavaScript & TypeScript
**Topic:** Build Tools & Git",Core Foundations in JavaScript & TypeScript
"Install and configure Node.js, npm, and Webpack.","**Date:** 2024-12-07
**Module:** Core Foundations in JavaScript & TypeScript
**Topic:** Build Tools & Git",Core Foundations in JavaScript & TypeScript
"Learn Git basics: branching, merging, and resolving conflicts.","**Date:** 2024-12-07
**Module:** Core Foundations in JavaScript & TypeScript
**Topic:** Build Tools & Git",Core Foundations in JavaScript & TypeScript
Practice committing and pushing code to GitHub.,"**Date:** 2024-12-07
**Module:** Core Foundations in JavaScript & TypeScript
**Topic:** Build Tools & Git",Core Foundations in JavaScript & TypeScript
Set up a reusable starter project template.,"**Date:** 2024-12-07
**Module:** Core Foundations in JavaScript & TypeScript
**Topic:** Build Tools & Git",Core Foundations in JavaScript & TypeScript
"Install and configure Node.js, npm, and Webpack.","**Date:** 2024-12-08
**Module:** Core Foundations in JavaScript & TypeScript
**Topic:** Build Tools & Git",Core Foundations in JavaScript & TypeScript
"Learn Git basics: branching, merging, and resolving conflicts.","**Date:** 2024-12-08
**Module:** Core Foundations in JavaScript & TypeScript
**Topic:** Build Tools & Git",Core Foundations in JavaScript & TypeScript
Practice committing and pushing code to GitHub.,"**Date:** 2024-12-08
**Module:** Core Foundations in JavaScript & TypeScript
**Topic:** Build Tools & Git",Core Foundations in JavaScript & TypeScript
Set up a reusable starter project template.,"**Date:** 2024-12-08
**Module:** Core Foundations in JavaScript & TypeScript
**Topic:** Build Tools & Git",Core Foundations in JavaScript & TypeScript
"Install and configure Node.js, npm, and Webpack.","**Date:** 2024-12-09
**Module:** Core Foundations in JavaScript & TypeScript
**Topic:** Build Tools & Git",Core Foundations in JavaScript & TypeScript
"Learn Git basics: branching, merging, and resolving conflicts.","**Date:** 2024-12-09
**Module:** Core Foundations in JavaScript & TypeScript
**Topic:** Build Tools & Git",Core Foundations in JavaScript & TypeScript
Practice committing and pushing code to GitHub.,"**Date:** 2024-12-09
**Module:** Core Foundations in JavaScript & TypeScript
**Topic:** Build Tools & Git",Core Foundations in JavaScript & TypeScript
Set up a reusable starter project template.,"**Date:** 2024-12-09
**Module:** Core Foundations in JavaScript & TypeScript
**Topic:** Build Tools & Git",Core Foundations in JavaScript & TypeScript
"Install and configure Node.js, npm, and Webpack.","**Date:** 2024-12-10
**Module:** Core Foundations in JavaScript & TypeScript
**Topic:** Build Tools & Git",Core Foundations in JavaScript & TypeScript
"Learn Git basics: branching, merging, and resolving conflicts.","**Date:** 2024-12-10
**Module:** Core Foundations in JavaScript & TypeScript
**Topic:** Build Tools & Git",Core Foundations in JavaScript & TypeScript
Practice committing and pushing code to GitHub.,"**Date:** 2024-12-10
**Module:** Core Foundations in JavaScript & TypeScript
**Topic:** Build Tools & Git",Core Foundations in JavaScript & TypeScript
Set up a reusable starter project template.,"**Date:** 2024-12-10
**Module:** Core Foundations in JavaScript & TypeScript
**Topic:** Build Tools & Git",Core Foundations in JavaScript & TypeScript
Install and configure Jest.,"**Date:** 2024-12-11
**Module:** Core Foundations in JavaScript & TypeScript
**Topic:** Introduction to Testing",Core Foundations in JavaScript & TypeScript
Write basic unit tests for functions.,"**Date:** 2024-12-11
**Module:** Core Foundations in JavaScript & TypeScript
**Topic:** Introduction to Testing",Core Foundations in JavaScript & TypeScript
Test asynchronous code with mock functions.,"**Date:** 2024-12-11
**Module:** Core Foundations in JavaScript & TypeScript
**Topic:** Introduction to Testing",Core Foundations in JavaScript & TypeScript
Add tests to your previous mini-projects.,"**Date:** 2024-12-11
**Module:** Core Foundations in JavaScript & TypeScript
**Topic:** Introduction to Testing",Core Foundations in JavaScript & TypeScript
Install and configure Jest.,"**Date:** 2024-12-12
**Module:** Core Foundations in JavaScript & TypeScript
**Topic:** Introduction to Testing",Core Foundations in JavaScript & TypeScript
Write basic unit tests for functions.,"**Date:** 2024-12-12
**Module:** Core Foundations in JavaScript & TypeScript
**Topic:** Introduction to Testing",Core Foundations in JavaScript & TypeScript
Test asynchronous code with mock functions.,"**Date:** 2024-12-12
**Module:** Core Foundations in JavaScript & TypeScript
**Topic:** Introduction to Testing",Core Foundations in JavaScript & TypeScript
Add tests to your previous mini-projects.,"**Date:** 2024-12-12
**Module:** Core Foundations in JavaScript & TypeScript
**Topic:** Introduction to Testing",Core Foundations in JavaScript & TypeScript
Install and configure Jest.,"**Date:** 2024-12-13
**Module:** Core Foundations in JavaScript & TypeScript
**Topic:** Introduction to Testing",Core Foundations in JavaScript & TypeScript
Write basic unit tests for functions.,"**Date:** 2024-12-13
**Module:** Core Foundations in JavaScript & TypeScript
**Topic:** Introduction to Testing",Core Foundations in JavaScript & TypeScript
Test asynchronous code with mock functions.,"**Date:** 2024-12-13
**Module:** Core Foundations in JavaScript & TypeScript
**Topic:** Introduction to Testing",Core Foundations in JavaScript & TypeScript
Add tests to your previous mini-projects.,"**Date:** 2024-12-13
**Module:** Core Foundations in JavaScript & TypeScript
**Topic:** Introduction to Testing",Core Foundations in JavaScript & TypeScript
Install and configure Jest.,"**Date:** 2024-12-14
**Module:** Core Foundations in JavaScript & TypeScript
**Topic:** Introduction to Testing",Core Foundations in JavaScript & TypeScript
Write basic unit tests for functions.,"**Date:** 2024-12-14
**Module:** Core Foundations in JavaScript & TypeScript
**Topic:** Introduction to Testing",Core Foundations in JavaScript & TypeScript
Test asynchronous code with mock functions.,"**Date:** 2024-12-14
**Module:** Core Foundations in JavaScript & TypeScript
**Topic:** Introduction to Testing",Core Foundations in JavaScript & TypeScript
Add tests to your previous mini-projects.,"**Date:** 2024-12-14
**Module:** Core Foundations in JavaScript & TypeScript
**Topic:** Introduction to Testing",Core Foundations in JavaScript & TypeScript
Install and configure Jest.,"**Date:** 2024-12-15
**Module:** Core Foundations in JavaScript & TypeScript
**Topic:** Introduction to Testing",Core Foundations in JavaScript & TypeScript
Write basic unit tests for functions.,"**Date:** 2024-12-15
**Module:** Core Foundations in JavaScript & TypeScript
**Topic:** Introduction to Testing",Core Foundations in JavaScript & TypeScript
Test asynchronous code with mock functions.,"**Date:** 2024-12-15
**Module:** Core Foundations in JavaScript & TypeScript
**Topic:** Introduction to Testing",Core Foundations in JavaScript & TypeScript
Add tests to your previous mini-projects.,"**Date:** 2024-12-15
**Module:** Core Foundations in JavaScript & TypeScript
**Topic:** Introduction to Testing",Core Foundations in JavaScript & TypeScript
Install and configure Jest.,"**Date:** 2024-12-16
**Module:** Core Foundations in JavaScript & TypeScript
**Topic:** Introduction to Testing",Core Foundations in JavaScript & TypeScript
Write basic unit tests for functions.,"**Date:** 2024-12-16
**Module:** Core Foundations in JavaScript & TypeScript
**Topic:** Introduction to Testing",Core Foundations in JavaScript & TypeScript
Test asynchronous code with mock functions.,"**Date:** 2024-12-16
**Module:** Core Foundations in JavaScript & TypeScript
**Topic:** Introduction to Testing",Core Foundations in JavaScript & TypeScript
Add tests to your previous mini-projects.,"**Date:** 2024-12-16
**Module:** Core Foundations in JavaScript & TypeScript
**Topic:** Introduction to Testing",Core Foundations in JavaScript & TypeScript
Install and configure Jest.,"**Date:** 2024-12-17
**Module:** Core Foundations in JavaScript & TypeScript
**Topic:** Introduction to Testing",Core Foundations in JavaScript & TypeScript
Write basic unit tests for functions.,"**Date:** 2024-12-17
**Module:** Core Foundations in JavaScript & TypeScript
**Topic:** Introduction to Testing",Core Foundations in JavaScript & TypeScript
Test asynchronous code with mock functions.,"**Date:** 2024-12-17
**Module:** Core Foundations in JavaScript & TypeScript
**Topic:** Introduction to Testing",Core Foundations in JavaScript & TypeScript
Add tests to your previous mini-projects.,"**Date:** 2024-12-17
**Module:** Core Foundations in JavaScript & TypeScript
**Topic:** Introduction to Testing",Core Foundations in JavaScript & TypeScript
Learn about JSX and functional components.,"**Date:** 2024-12-18
**Module:** React Basics
**Topic:** React Fundamentals",React Basics
Practice passing props and managing state.,"**Date:** 2024-12-18
**Module:** React Basics
**Topic:** React Fundamentals",React Basics
Build a Weather App fetching data from an API.,"**Date:** 2024-12-18
**Module:** React Basics
**Topic:** React Fundamentals",React Basics
Understand React lifecycle methods.,"**Date:** 2024-12-18
**Module:** React Basics
**Topic:** React Fundamentals",React Basics
Learn about JSX and functional components.,"**Date:** 2024-12-19
**Module:** React Basics
**Topic:** React Fundamentals",React Basics
Practice passing props and managing state.,"**Date:** 2024-12-19
**Module:** React Basics
**Topic:** React Fundamentals",React Basics
Build a Weather App fetching data from an API.,"**Date:** 2024-12-19
**Module:** React Basics
**Topic:** React Fundamentals",React Basics
Understand React lifecycle methods.,"**Date:** 2024-12-19
**Module:** React Basics
**Topic:** React Fundamentals",React Basics
Learn about JSX and functional components.,"**Date:** 2024-12-20
**Module:** React Basics
**Topic:** React Fundamentals",React Basics
Practice passing props and managing state.,"**Date:** 2024-12-20
**Module:** React Basics
**Topic:** React Fundamentals",React Basics
Build a Weather App fetching data from an API.,"**Date:** 2024-12-20
**Module:** React Basics
**Topic:** React Fundamentals",React Basics
Understand React lifecycle methods.,"**Date:** 2024-12-20
**Module:** React Basics
**Topic:** React Fundamentals",React Basics
Learn about JSX and functional components.,"**Date:** 2024-12-21
**Module:** React Basics
**Topic:** React Fundamentals",React Basics
Practice passing props and managing state.,"**Date:** 2024-12-21
**Module:** React Basics
**Topic:** React Fundamentals",React Basics
Build a Weather App fetching data from an API.,"**Date:** 2024-12-21
**Module:** React Basics
**Topic:** React Fundamentals",React Basics
Understand React lifecycle methods.,"**Date:** 2024-12-21
**Module:** React Basics
**Topic:** React Fundamentals",React Basics
Learn about JSX and functional components.,"**Date:** 2024-12-22
**Module:** React Basics
**Topic:** React Fundamentals",React Basics
Practice passing props and managing state.,"**Date:** 2024-12-22
**Module:** React Basics
**Topic:** React Fundamentals",React Basics
Build a Weather App fetching data from an API.,"**Date:** 2024-12-22
**Module:** React Basics
**Topic:** React Fundamentals",React Basics
Understand React lifecycle methods.,"**Date:** 2024-12-22
**Module:** React Basics
**Topic:** React Fundamentals",React Basics
Learn about JSX and functional components.,"**Date:** 2024-12-23
**Module:** React Basics
**Topic:** React Fundamentals",React Basics
Practice passing props and managing state.,"**Date:** 2024-12-23
**Module:** React Basics
**Topic:** React Fundamentals",React Basics
Build a Weather App fetching data from an API.,"**Date:** 2024-12-23
**Module:** React Basics
**Topic:** React Fundamentals",React Basics
Understand React lifecycle methods.,"**Date:** 2024-12-23
**Module:** React Basics
**Topic:** React Fundamentals",React Basics
Learn about JSX and functional components.,"**Date:** 2024-12-24
**Module:** React Basics
**Topic:** React Fundamentals",React Basics
Practice passing props and managing state.,"**Date:** 2024-12-24
**Module:** React Basics
**Topic:** React Fundamentals",React Basics
Build a Weather App fetching data from an API.,"**Date:** 2024-12-24
**Module:** React Basics
**Topic:** React Fundamentals",React Basics
Understand React lifecycle methods.,"**Date:** 2024-12-24
**Module:** React Basics
**Topic:** React Fundamentals",React Basics
Learn CSS-in-JS using Styled Components or Emotion.,"**Date:** 2024-12-25
**Module:** React Basics
**Topic:** React Styling & Routing",React Basics
Set up React Router for navigation.,"**Date:** 2024-12-25
**Module:** React Basics
**Topic:** React Styling & Routing",React Basics
Add dynamic routes to the Weather App.,"**Date:** 2024-12-25
**Module:** React Basics
**Topic:** React Styling & Routing",React Basics
Implement responsive design principles.,"**Date:** 2024-12-25
**Module:** React Basics
**Topic:** React Styling & Routing",React Basics
Learn CSS-in-JS using Styled Components or Emotion.,"**Date:** 2024-12-26
**Module:** React Basics
**Topic:** React Styling & Routing",React Basics
Set up React Router for navigation.,"**Date:** 2024-12-26
**Module:** React Basics
**Topic:** React Styling & Routing",React Basics
Add dynamic routes to the Weather App.,"**Date:** 2024-12-26
**Module:** React Basics
**Topic:** React Styling & Routing",React Basics
Implement responsive design principles.,"**Date:** 2024-12-26
**Module:** React Basics
**Topic:** React Styling & Routing",React Basics
Learn CSS-in-JS using Styled Components or Emotion.,"**Date:** 2024-12-27
**Module:** React Basics
**Topic:** React Styling & Routing",React Basics
Set up React Router for navigation.,"**Date:** 2024-12-27
**Module:** React Basics
**Topic:** React Styling & Routing",React Basics
Add dynamic routes to the Weather App.,"**Date:** 2024-12-27
**Module:** React Basics
**Topic:** React Styling & Routing",React Basics
Implement responsive design principles.,"**Date:** 2024-12-27
**Module:** React Basics
**Topic:** React Styling & Routing",React Basics
Learn CSS-in-JS using Styled Components or Emotion.,"**Date:** 2024-12-28
**Module:** React Basics
**Topic:** React Styling & Routing",React Basics
Set up React Router for navigation.,"**Date:** 2024-12-28
**Module:** React Basics
**Topic:** React Styling & Routing",React Basics
Add dynamic routes to the Weather App.,"**Date:** 2024-12-28
**Module:** React Basics
**Topic:** React Styling & Routing",React Basics
Implement responsive design principles.,"**Date:** 2024-12-28
**Module:** React Basics
**Topic:** React Styling & Routing",React Basics
Learn CSS-in-JS using Styled Components or Emotion.,"**Date:** 2024-12-29
**Module:** React Basics
**Topic:** React Styling & Routing",React Basics
Set up React Router for navigation.,"**Date:** 2024-12-29
**Module:** React Basics
**Topic:** React Styling & Routing",React Basics
Add dynamic routes to the Weather App.,"**Date:** 2024-12-29
**Module:** React Basics
**Topic:** React Styling & Routing",React Basics
Implement responsive design principles.,"**Date:** 2024-12-29
**Module:** React Basics
**Topic:** React Styling & Routing",React Basics
Learn CSS-in-JS using Styled Components or Emotion.,"**Date:** 2024-12-30
**Module:** React Basics
**Topic:** React Styling & Routing",React Basics
Set up React Router for navigation.,"**Date:** 2024-12-30
**Module:** React Basics
**Topic:** React Styling & Routing",React Basics
Add dynamic routes to the Weather App.,"**Date:** 2024-12-30
**Module:** React Basics
**Topic:** React Styling & Routing",React Basics
Implement responsive design principles.,"**Date:** 2024-12-30
**Module:** React Basics
**Topic:** React Styling & Routing",React Basics
Learn CSS-in-JS using Styled Components or Emotion.,"**Date:** 2024-12-31
**Module:** React Basics
**Topic:** React Styling & Routing",React Basics
Set up React Router for navigation.,"**Date:** 2024-12-31
**Module:** React Basics
**Topic:** React Styling & Routing",React Basics
Add dynamic routes to the Weather App.,"**Date:** 2024-12-31
**Module:** React Basics
**Topic:** React Styling & Routing",React Basics
Implement responsive design principles.,"**Date:** 2024-12-31
**Module:** React Basics
**Topic:** React Styling & Routing",React Basics
Learn the Context API for managing global state.,"**Date:** 2025-01-01
**Module:** React Basics
**Topic:** State Management",React Basics
Understand Redux and compare it with Context API.,"**Date:** 2025-01-01
**Module:** React Basics
**Topic:** State Management",React Basics
Refactor projects to use global state management.,"**Date:** 2025-01-01
**Module:** React Basics
**Topic:** State Management",React Basics
Build a Shopping Cart App with state management.,"**Date:** 2025-01-01
**Module:** React Basics
**Topic:** State Management",React Basics
Learn the Context API for managing global state.,"**Date:** 2025-01-02
**Module:** React Basics
**Topic:** State Management",React Basics
Understand Redux and compare it with Context API.,"**Date:** 2025-01-02
**Module:** React Basics
**Topic:** State Management",React Basics
Refactor projects to use global state management.,"**Date:** 2025-01-02
**Module:** React Basics
**Topic:** State Management",React Basics
Build a Shopping Cart App with state management.,"**Date:** 2025-01-02
**Module:** React Basics
**Topic:** State Management",React Basics
Learn the Context API for managing global state.,"**Date:** 2025-01-03
**Module:** React Basics
**Topic:** State Management",React Basics
Understand Redux and compare it with Context API.,"**Date:** 2025-01-03
**Module:** React Basics
**Topic:** State Management",React Basics
Refactor projects to use global state management.,"**Date:** 2025-01-03
**Module:** React Basics
**Topic:** State Management",React Basics
Build a Shopping Cart App with state management.,"**Date:** 2025-01-03
**Module:** React Basics
**Topic:** State Management",React Basics
Learn the Context API for managing global state.,"**Date:** 2025-01-04
**Module:** React Basics
**Topic:** State Management",React Basics
Understand Redux and compare it with Context API.,"**Date:** 2025-01-04
**Module:** React Basics
**Topic:** State Management",React Basics
Refactor projects to use global state management.,"**Date:** 2025-01-04
**Module:** React Basics
**Topic:** State Management",React Basics
Build a Shopping Cart App with state management.,"**Date:** 2025-01-04
**Module:** React Basics
**Topic:** State Management",React Basics
Learn the Context API for managing global state.,"**Date:** 2025-01-05
**Module:** React Basics
**Topic:** State Management",React Basics
Understand Redux and compare it with Context API.,"**Date:** 2025-01-05
**Module:** React Basics
**Topic:** State Management",React Basics
Refactor projects to use global state management.,"**Date:** 2025-01-05
**Module:** React Basics
**Topic:** State Management",React Basics
Build a Shopping Cart App with state management.,"**Date:** 2025-01-05
**Module:** React Basics
**Topic:** State Management",React Basics
Learn the Context API for managing global state.,"**Date:** 2025-01-06
**Module:** React Basics
**Topic:** State Management",React Basics
Understand Redux and compare it with Context API.,"**Date:** 2025-01-06
**Module:** React Basics
**Topic:** State Management",React Basics
Refactor projects to use global state management.,"**Date:** 2025-01-06
**Module:** React Basics
**Topic:** State Management",React Basics
Build a Shopping Cart App with state management.,"**Date:** 2025-01-06
**Module:** React Basics
**Topic:** State Management",React Basics
Learn the Context API for managing global state.,"**Date:** 2025-01-07
**Module:** React Basics
**Topic:** State Management",React Basics
Understand Redux and compare it with Context API.,"**Date:** 2025-01-07
**Module:** React Basics
**Topic:** State Management",React Basics
Refactor projects to use global state management.,"**Date:** 2025-01-07
**Module:** React Basics
**Topic:** State Management",React Basics
Build a Shopping Cart App with state management.,"**Date:** 2025-01-07
**Module:** React Basics
**Topic:** State Management",React Basics
Learn controlled components in React.,"**Date:** 2025-01-08
**Module:** React Basics
**Topic:** Form Handling & Validation",React Basics
Explore Formik and React Hook Form libraries.,"**Date:** 2025-01-08
**Module:** React Basics
**Topic:** Form Handling & Validation",React Basics
Add form validation to the Shopping Cart App.,"**Date:** 2025-01-08
**Module:** React Basics
**Topic:** Form Handling & Validation",React Basics
Handle user input errors gracefully.,"**Date:** 2025-01-08
**Module:** React Basics
**Topic:** Form Handling & Validation",React Basics
Learn controlled components in React.,"**Date:** 2025-01-09
**Module:** React Basics
**Topic:** Form Handling & Validation",React Basics
Explore Formik and React Hook Form libraries.,"**Date:** 2025-01-09
**Module:** React Basics
**Topic:** Form Handling & Validation",React Basics
Add form validation to the Shopping Cart App.,"**Date:** 2025-01-09
**Module:** React Basics
**Topic:** Form Handling & Validation",React Basics
Handle user input errors gracefully.,"**Date:** 2025-01-09
**Module:** React Basics
**Topic:** Form Handling & Validation",React Basics
Learn controlled components in React.,"**Date:** 2025-01-10
**Module:** React Basics
**Topic:** Form Handling & Validation",React Basics
Explore Formik and React Hook Form libraries.,"**Date:** 2025-01-10
**Module:** React Basics
**Topic:** Form Handling & Validation",React Basics
Add form validation to the Shopping Cart App.,"**Date:** 2025-01-10
**Module:** React Basics
**Topic:** Form Handling & Validation",React Basics
Handle user input errors gracefully.,"**Date:** 2025-01-10
**Module:** React Basics
**Topic:** Form Handling & Validation",React Basics
Learn controlled components in React.,"**Date:** 2025-01-11
**Module:** React Basics
**Topic:** Form Handling & Validation",React Basics
Explore Formik and React Hook Form libraries.,"**Date:** 2025-01-11
**Module:** React Basics
**Topic:** Form Handling & Validation",React Basics
Add form validation to the Shopping Cart App.,"**Date:** 2025-01-11
**Module:** React Basics
**Topic:** Form Handling & Validation",React Basics
Handle user input errors gracefully.,"**Date:** 2025-01-11
**Module:** React Basics
**Topic:** Form Handling & Validation",React Basics
Learn controlled components in React.,"**Date:** 2025-01-12
**Module:** React Basics
**Topic:** Form Handling & Validation",React Basics
Explore Formik and React Hook Form libraries.,"**Date:** 2025-01-12
**Module:** React Basics
**Topic:** Form Handling & Validation",React Basics
Add form validation to the Shopping Cart App.,"**Date:** 2025-01-12
**Module:** React Basics
**Topic:** Form Handling & Validation",React Basics
Handle user input errors gracefully.,"**Date:** 2025-01-12
**Module:** React Basics
**Topic:** Form Handling & Validation",React Basics
Learn controlled components in React.,"**Date:** 2025-01-13
**Module:** React Basics
**Topic:** Form Handling & Validation",React Basics
Explore Formik and React Hook Form libraries.,"**Date:** 2025-01-13
**Module:** React Basics
**Topic:** Form Handling & Validation",React Basics
Add form validation to the Shopping Cart App.,"**Date:** 2025-01-13
**Module:** React Basics
**Topic:** Form Handling & Validation",React Basics
Handle user input errors gracefully.,"**Date:** 2025-01-13
**Module:** React Basics
**Topic:** Form Handling & Validation",React Basics
Learn controlled components in React.,"**Date:** 2025-01-14
**Module:** React Basics
**Topic:** Form Handling & Validation",React Basics
Explore Formik and React Hook Form libraries.,"**Date:** 2025-01-14
**Module:** React Basics
**Topic:** Form Handling & Validation",React Basics
Add form validation to the Shopping Cart App.,"**Date:** 2025-01-14
**Module:** React Basics
**Topic:** Form Handling & Validation",React Basics
Handle user input errors gracefully.,"**Date:** 2025-01-14
**Module:** React Basics
**Topic:** Form Handling & Validation",React Basics
"Learn Vue CLI setup and basic syntax (directives, event handling).","**Date:** 2025-01-15
**Module:** Vue.js Basics
**Topic:** Vue.js Basics",Vue.js Basics
Understand component structure and props.,"**Date:** 2025-01-15
**Module:** Vue.js Basics
**Topic:** Vue.js Basics",Vue.js Basics
Build a Recipe App with Vue.js.,"**Date:** 2025-01-15
**Module:** Vue.js Basics
**Topic:** Vue.js Basics",Vue.js Basics
Experiment with custom events and slots.,"**Date:** 2025-01-15
**Module:** Vue.js Basics
**Topic:** Vue.js Basics",Vue.js Basics
"Learn Vue CLI setup and basic syntax (directives, event handling).","**Date:** 2025-01-16
**Module:** Vue.js Basics
**Topic:** Vue.js Basics",Vue.js Basics
Understand component structure and props.,"**Date:** 2025-01-16
**Module:** Vue.js Basics
**Topic:** Vue.js Basics",Vue.js Basics
Build a Recipe App with Vue.js.,"**Date:** 2025-01-16
**Module:** Vue.js Basics
**Topic:** Vue.js Basics",Vue.js Basics
Experiment with custom events and slots.,"**Date:** 2025-01-16
**Module:** Vue.js Basics
**Topic:** Vue.js Basics",Vue.js Basics
"Learn Vue CLI setup and basic syntax (directives, event handling).","**Date:** 2025-01-17
**Module:** Vue.js Basics
**Topic:** Vue.js Basics",Vue.js Basics
Understand component structure and props.,"**Date:** 2025-01-17
**Module:** Vue.js Basics
**Topic:** Vue.js Basics",Vue.js Basics
Build a Recipe App with Vue.js.,"**Date:** 2025-01-17
**Module:** Vue.js Basics
**Topic:** Vue.js Basics",Vue.js Basics
Experiment with custom events and slots.,"**Date:** 2025-01-17
**Module:** Vue.js Basics
**Topic:** Vue.js Basics",Vue.js Basics
"Learn Vue CLI setup and basic syntax (directives, event handling).","**Date:** 2025-01-18
**Module:** Vue.js Basics
**Topic:** Vue.js Basics",Vue.js Basics
Understand component structure and props.,"**Date:** 2025-01-18
**Module:** Vue.js Basics
**Topic:** Vue.js Basics",Vue.js Basics
Build a Recipe App with Vue.js.,"**Date:** 2025-01-18
**Module:** Vue.js Basics
**Topic:** Vue.js Basics",Vue.js Basics
Experiment with custom events and slots.,"**Date:** 2025-01-18
**Module:** Vue.js Basics
**Topic:** Vue.js Basics",Vue.js Basics
"Learn Vue CLI setup and basic syntax (directives, event handling).","**Date:** 2025-01-19
**Module:** Vue.js Basics
**Topic:** Vue.js Basics",Vue.js Basics
Understand component structure and props.,"**Date:** 2025-01-19
**Module:** Vue.js Basics
**Topic:** Vue.js Basics",Vue.js Basics
Build a Recipe App with Vue.js.,"**Date:** 2025-01-19
**Module:** Vue.js Basics
**Topic:** Vue.js Basics",Vue.js Basics
Experiment with custom events and slots.,"**Date:** 2025-01-19
**Module:** Vue.js Basics
**Topic:** Vue.js Basics",Vue.js Basics
"Learn Vue CLI setup and basic syntax (directives, event handling).","**Date:** 2025-01-20
**Module:** Vue.js Basics
**Topic:** Vue.js Basics",Vue.js Basics
Understand component structure and props.,"**Date:** 2025-01-20
**Module:** Vue.js Basics
**Topic:** Vue.js Basics",Vue.js Basics
Build a Recipe App with Vue.js.,"**Date:** 2025-01-20
**Module:** Vue.js Basics
**Topic:** Vue.js Basics",Vue.js Basics
Experiment with custom events and slots.,"**Date:** 2025-01-20
**Module:** Vue.js Basics
**Topic:** Vue.js Basics",Vue.js Basics
"Learn Vue CLI setup and basic syntax (directives, event handling).","**Date:** 2025-01-21
**Module:** Vue.js Basics
**Topic:** Vue.js Basics",Vue.js Basics
Understand component structure and props.,"**Date:** 2025-01-21
**Module:** Vue.js Basics
**Topic:** Vue.js Basics",Vue.js Basics
Build a Recipe App with Vue.js.,"**Date:** 2025-01-21
**Module:** Vue.js Basics
**Topic:** Vue.js Basics",Vue.js Basics
Experiment with custom events and slots.,"**Date:** 2025-01-21
**Module:** Vue.js Basics
**Topic:** Vue.js Basics",Vue.js Basics
Set up Vue Router for navigation.,"**Date:** 2025-01-22
**Module:** Vue.js Basics
**Topic:** Vue Router & State Management",Vue.js Basics
Use Vuex for managing app state.,"**Date:** 2025-01-22
**Module:** Vue.js Basics
**Topic:** Vue Router & State Management",Vue.js Basics
Implement user authentication in the Recipe App.,"**Date:** 2025-01-22
**Module:** Vue.js Basics
**Topic:** Vue Router & State Management",Vue.js Basics
Add a bookmarking feature using Vuex.,"**Date:** 2025-01-22
**Module:** Vue.js Basics
**Topic:** Vue Router & State Management",Vue.js Basics
Set up Vue Router for navigation.,"**Date:** 2025-01-23
**Module:** Vue.js Basics
**Topic:** Vue Router & State Management",Vue.js Basics
Use Vuex for managing app state.,"**Date:** 2025-01-23
**Module:** Vue.js Basics
**Topic:** Vue Router & State Management",Vue.js Basics
Implement user authentication in the Recipe App.,"**Date:** 2025-01-23
**Module:** Vue.js Basics
**Topic:** Vue Router & State Management",Vue.js Basics
Add a bookmarking feature using Vuex.,"**Date:** 2025-01-23
**Module:** Vue.js Basics
**Topic:** Vue Router & State Management",Vue.js Basics
Set up Vue Router for navigation.,"**Date:** 2025-01-24
**Module:** Vue.js Basics
**Topic:** Vue Router & State Management",Vue.js Basics
Use Vuex for managing app state.,"**Date:** 2025-01-24
**Module:** Vue.js Basics
**Topic:** Vue Router & State Management",Vue.js Basics
Implement user authentication in the Recipe App.,"**Date:** 2025-01-24
**Module:** Vue.js Basics
**Topic:** Vue Router & State Management",Vue.js Basics
Add a bookmarking feature using Vuex.,"**Date:** 2025-01-24
**Module:** Vue.js Basics
**Topic:** Vue Router & State Management",Vue.js Basics
Set up Vue Router for navigation.,"**Date:** 2025-01-25
**Module:** Vue.js Basics
**Topic:** Vue Router & State Management",Vue.js Basics
Use Vuex for managing app state.,"**Date:** 2025-01-25
**Module:** Vue.js Basics
**Topic:** Vue Router & State Management",Vue.js Basics
Implement user authentication in the Recipe App.,"**Date:** 2025-01-25
**Module:** Vue.js Basics
**Topic:** Vue Router & State Management",Vue.js Basics
Add a bookmarking feature using Vuex.,"**Date:** 2025-01-25
**Module:** Vue.js Basics
**Topic:** Vue Router & State Management",Vue.js Basics
Set up Vue Router for navigation.,"**Date:** 2025-01-26
**Module:** Vue.js Basics
**Topic:** Vue Router & State Management",Vue.js Basics
Use Vuex for managing app state.,"**Date:** 2025-01-26
**Module:** Vue.js Basics
**Topic:** Vue Router & State Management",Vue.js Basics
Implement user authentication in the Recipe App.,"**Date:** 2025-01-26
**Module:** Vue.js Basics
**Topic:** Vue Router & State Management",Vue.js Basics
Add a bookmarking feature using Vuex.,"**Date:** 2025-01-26
**Module:** Vue.js Basics
**Topic:** Vue Router & State Management",Vue.js Basics
Set up Vue Router for navigation.,"**Date:** 2025-01-27
**Module:** Vue.js Basics
**Topic:** Vue Router & State Management",Vue.js Basics
Use Vuex for managing app state.,"**Date:** 2025-01-27
**Module:** Vue.js Basics
**Topic:** Vue Router & State Management",Vue.js Basics
Implement user authentication in the Recipe App.,"**Date:** 2025-01-27
**Module:** Vue.js Basics
**Topic:** Vue Router & State Management",Vue.js Basics
Add a bookmarking feature using Vuex.,"**Date:** 2025-01-27
**Module:** Vue.js Basics
**Topic:** Vue Router & State Management",Vue.js Basics
Set up Vue Router for navigation.,"**Date:** 2025-01-28
**Module:** Vue.js Basics
**Topic:** Vue Router & State Management",Vue.js Basics
Use Vuex for managing app state.,"**Date:** 2025-01-28
**Module:** Vue.js Basics
**Topic:** Vue Router & State Management",Vue.js Basics
Implement user authentication in the Recipe App.,"**Date:** 2025-01-28
**Module:** Vue.js Basics
**Topic:** Vue Router & State Management",Vue.js Basics
Add a bookmarking feature using Vuex.,"**Date:** 2025-01-28
**Module:** Vue.js Basics
**Topic:** Vue Router & State Management",Vue.js Basics
Integrate TypeScript in a Vue project.,"**Date:** 2025-01-29
**Module:** Vue.js Basics
**Topic:** TypeScript with Vue",Vue.js Basics
Learn and practice the Composition API.,"**Date:** 2025-01-29
**Module:** Vue.js Basics
**Topic:** TypeScript with Vue",Vue.js Basics
Refactor the Recipe App to use the Composition API.,"**Date:** 2025-01-29
**Module:** Vue.js Basics
**Topic:** TypeScript with Vue",Vue.js Basics
Handle TypeScript-specific errors in Vue.,"**Date:** 2025-01-29
**Module:** Vue.js Basics
**Topic:** TypeScript with Vue",Vue.js Basics
Integrate TypeScript in a Vue project.,"**Date:** 2025-01-30
**Module:** Vue.js Basics
**Topic:** TypeScript with Vue",Vue.js Basics
Learn and practice the Composition API.,"**Date:** 2025-01-30
**Module:** Vue.js Basics
**Topic:** TypeScript with Vue",Vue.js Basics
Refactor the Recipe App to use the Composition API.,"**Date:** 2025-01-30
**Module:** Vue.js Basics
**Topic:** TypeScript with Vue",Vue.js Basics
Handle TypeScript-specific errors in Vue.,"**Date:** 2025-01-30
**Module:** Vue.js Basics
**Topic:** TypeScript with Vue",Vue.js Basics
Integrate TypeScript in a Vue project.,"**Date:** 2025-01-31
**Module:** Vue.js Basics
**Topic:** TypeScript with Vue",Vue.js Basics
Learn and practice the Composition API.,"**Date:** 2025-01-31
**Module:** Vue.js Basics
**Topic:** TypeScript with Vue",Vue.js Basics
Refactor the Recipe App to use the Composition API.,"**Date:** 2025-01-31
**Module:** Vue.js Basics
**Topic:** TypeScript with Vue",Vue.js Basics
Handle TypeScript-specific errors in Vue.,"**Date:** 2025-01-31
**Module:** Vue.js Basics
**Topic:** TypeScript with Vue",Vue.js Basics
Integrate TypeScript in a Vue project.,"**Date:** 2025-02-01
**Module:** Vue.js Basics
**Topic:** TypeScript with Vue",Vue.js Basics
Learn and practice the Composition API.,"**Date:** 2025-02-01
**Module:** Vue.js Basics
**Topic:** TypeScript with Vue",Vue.js Basics
Refactor the Recipe App to use the Composition API.,"**Date:** 2025-02-01
**Module:** Vue.js Basics
**Topic:** TypeScript with Vue",Vue.js Basics
Handle TypeScript-specific errors in Vue.,"**Date:** 2025-02-01
**Module:** Vue.js Basics
**Topic:** TypeScript with Vue",Vue.js Basics
Integrate TypeScript in a Vue project.,"**Date:** 2025-02-02
**Module:** Vue.js Basics
**Topic:** TypeScript with Vue",Vue.js Basics
Learn and practice the Composition API.,"**Date:** 2025-02-02
**Module:** Vue.js Basics
**Topic:** TypeScript with Vue",Vue.js Basics
Refactor the Recipe App to use the Composition API.,"**Date:** 2025-02-02
**Module:** Vue.js Basics
**Topic:** TypeScript with Vue",Vue.js Basics
Handle TypeScript-specific errors in Vue.,"**Date:** 2025-02-02
**Module:** Vue.js Basics
**Topic:** TypeScript with Vue",Vue.js Basics
Integrate TypeScript in a Vue project.,"**Date:** 2025-02-03
**Module:** Vue.js Basics
**Topic:** TypeScript with Vue",Vue.js Basics
Learn and practice the Composition API.,"**Date:** 2025-02-03
**Module:** Vue.js Basics
**Topic:** TypeScript with Vue",Vue.js Basics
Refactor the Recipe App to use the Composition API.,"**Date:** 2025-02-03
**Module:** Vue.js Basics
**Topic:** TypeScript with Vue",Vue.js Basics
Handle TypeScript-specific errors in Vue.,"**Date:** 2025-02-03
**Module:** Vue.js Basics
**Topic:** TypeScript with Vue",Vue.js Basics
Integrate TypeScript in a Vue project.,"**Date:** 2025-02-04
**Module:** Vue.js Basics
**Topic:** TypeScript with Vue",Vue.js Basics
Learn and practice the Composition API.,"**Date:** 2025-02-04
**Module:** Vue.js Basics
**Topic:** TypeScript with Vue",Vue.js Basics
Refactor the Recipe App to use the Composition API.,"**Date:** 2025-02-04
**Module:** Vue.js Basics
**Topic:** TypeScript with Vue",Vue.js Basics
Handle TypeScript-specific errors in Vue.,"**Date:** 2025-02-04
**Module:** Vue.js Basics
**Topic:** TypeScript with Vue",Vue.js Basics
Set up Vue Test Utils.,"**Date:** 2025-02-05
**Module:** Vue.js Basics
**Topic:** Testing Vue Apps",Vue.js Basics
Write unit tests for components in the Recipe App.,"**Date:** 2025-02-05
**Module:** Vue.js Basics
**Topic:** Testing Vue Apps",Vue.js Basics
Test Vue Router functionality.,"**Date:** 2025-02-05
**Module:** Vue.js Basics
**Topic:** Testing Vue Apps",Vue.js Basics
Write snapshot tests for dynamic components.,"**Date:** 2025-02-05
**Module:** Vue.js Basics
**Topic:** Testing Vue Apps",Vue.js Basics
Set up Vue Test Utils.,"**Date:** 2025-02-06
**Module:** Vue.js Basics
**Topic:** Testing Vue Apps",Vue.js Basics
Write unit tests for components in the Recipe App.,"**Date:** 2025-02-06
**Module:** Vue.js Basics
**Topic:** Testing Vue Apps",Vue.js Basics
Test Vue Router functionality.,"**Date:** 2025-02-06
**Module:** Vue.js Basics
**Topic:** Testing Vue Apps",Vue.js Basics
Write snapshot tests for dynamic components.,"**Date:** 2025-02-06
**Module:** Vue.js Basics
**Topic:** Testing Vue Apps",Vue.js Basics
Set up Vue Test Utils.,"**Date:** 2025-02-07
**Module:** Vue.js Basics
**Topic:** Testing Vue Apps",Vue.js Basics
Write unit tests for components in the Recipe App.,"**Date:** 2025-02-07
**Module:** Vue.js Basics
**Topic:** Testing Vue Apps",Vue.js Basics
Test Vue Router functionality.,"**Date:** 2025-02-07
**Module:** Vue.js Basics
**Topic:** Testing Vue Apps",Vue.js Basics
Write snapshot tests for dynamic components.,"**Date:** 2025-02-07
**Module:** Vue.js Basics
**Topic:** Testing Vue Apps",Vue.js Basics
Set up Vue Test Utils.,"**Date:** 2025-02-08
**Module:** Vue.js Basics
**Topic:** Testing Vue Apps",Vue.js Basics
Write unit tests for components in the Recipe App.,"**Date:** 2025-02-08
**Module:** Vue.js Basics
**Topic:** Testing Vue Apps",Vue.js Basics
Test Vue Router functionality.,"**Date:** 2025-02-08
**Module:** Vue.js Basics
**Topic:** Testing Vue Apps",Vue.js Basics
Write snapshot tests for dynamic components.,"**Date:** 2025-02-08
**Module:** Vue.js Basics
**Topic:** Testing Vue Apps",Vue.js Basics
Set up Vue Test Utils.,"**Date:** 2025-02-09
**Module:** Vue.js Basics
**Topic:** Testing Vue Apps",Vue.js Basics
Write unit tests for components in the Recipe App.,"**Date:** 2025-02-09
**Module:** Vue.js Basics
**Topic:** Testing Vue Apps",Vue.js Basics
Test Vue Router functionality.,"**Date:** 2025-02-09
**Module:** Vue.js Basics
**Topic:** Testing Vue Apps",Vue.js Basics
Write snapshot tests for dynamic components.,"**Date:** 2025-02-09
**Module:** Vue.js Basics
**Topic:** Testing Vue Apps",Vue.js Basics
Set up Vue Test Utils.,"**Date:** 2025-02-10
**Module:** Vue.js Basics
**Topic:** Testing Vue Apps",Vue.js Basics
Write unit tests for components in the Recipe App.,"**Date:** 2025-02-10
**Module:** Vue.js Basics
**Topic:** Testing Vue Apps",Vue.js Basics
Test Vue Router functionality.,"**Date:** 2025-02-10
**Module:** Vue.js Basics
**Topic:** Testing Vue Apps",Vue.js Basics
Write snapshot tests for dynamic components.,"**Date:** 2025-02-10
**Module:** Vue.js Basics
**Topic:** Testing Vue Apps",Vue.js Basics
Set up Vue Test Utils.,"**Date:** 2025-02-11
**Module:** Vue.js Basics
**Topic:** Testing Vue Apps",Vue.js Basics
Write unit tests for components in the Recipe App.,"**Date:** 2025-02-11
**Module:** Vue.js Basics
**Topic:** Testing Vue Apps",Vue.js Basics
Test Vue Router functionality.,"**Date:** 2025-02-11
**Module:** Vue.js Basics
**Topic:** Testing Vue Apps",Vue.js Basics
Write snapshot tests for dynamic components.,"**Date:** 2025-02-11
**Module:** Vue.js Basics
**Topic:** Testing Vue Apps",Vue.js Basics
"Use advanced hooks: useMemo, useCallback, useReducer.","**Date:** 2025-02-12
**Module:** Advanced Concepts
**Topic:** Advanced React Concepts",Advanced Concepts
Optimize app performance with lazy loading.,"**Date:** 2025-02-12
**Module:** Advanced Concepts
**Topic:** Advanced React Concepts",Advanced Concepts
Add memoization to the Kanban Board App.,"**Date:** 2025-02-12
**Module:** Advanced Concepts
**Topic:** Advanced React Concepts",Advanced Concepts
Implement server-side rendering in a React project.,"**Date:** 2025-02-12
**Module:** Advanced Concepts
**Topic:** Advanced React Concepts",Advanced Concepts
"Use advanced hooks: useMemo, useCallback, useReducer.","**Date:** 2025-02-13
**Module:** Advanced Concepts
**Topic:** Advanced React Concepts",Advanced Concepts
Optimize app performance with lazy loading.,"**Date:** 2025-02-13
**Module:** Advanced Concepts
**Topic:** Advanced React Concepts",Advanced Concepts
Add memoization to the Kanban Board App.,"**Date:** 2025-02-13
**Module:** Advanced Concepts
**Topic:** Advanced React Concepts",Advanced Concepts
Implement server-side rendering in a React project.,"**Date:** 2025-02-13
**Module:** Advanced Concepts
**Topic:** Advanced React Concepts",Advanced Concepts
"Use advanced hooks: useMemo, useCallback, useReducer.","**Date:** 2025-02-14
**Module:** Advanced Concepts
**Topic:** Advanced React Concepts",Advanced Concepts
Optimize app performance with lazy loading.,"**Date:** 2025-02-14
**Module:** Advanced Concepts
**Topic:** Advanced React Concepts",Advanced Concepts
Add memoization to the Kanban Board App.,"**Date:** 2025-02-14
**Module:** Advanced Concepts
**Topic:** Advanced React Concepts",Advanced Concepts
Implement server-side rendering in a React project.,"**Date:** 2025-02-14
**Module:** Advanced Concepts
**Topic:** Advanced React Concepts",Advanced Concepts
"Use advanced hooks: useMemo, useCallback, useReducer.","**Date:** 2025-02-15
**Module:** Advanced Concepts
**Topic:** Advanced React Concepts",Advanced Concepts
Optimize app performance with lazy loading.,"**Date:** 2025-02-15
**Module:** Advanced Concepts
**Topic:** Advanced React Concepts",Advanced Concepts
Add memoization to the Kanban Board App.,"**Date:** 2025-02-15
**Module:** Advanced Concepts
**Topic:** Advanced React Concepts",Advanced Concepts
Implement server-side rendering in a React project.,"**Date:** 2025-02-15
**Module:** Advanced Concepts
**Topic:** Advanced React Concepts",Advanced Concepts
"Use advanced hooks: useMemo, useCallback, useReducer.","**Date:** 2025-02-16
**Module:** Advanced Concepts
**Topic:** Advanced React Concepts",Advanced Concepts
Optimize app performance with lazy loading.,"**Date:** 2025-02-16
**Module:** Advanced Concepts
**Topic:** Advanced React Concepts",Advanced Concepts
Add memoization to the Kanban Board App.,"**Date:** 2025-02-16
**Module:** Advanced Concepts
**Topic:** Advanced React Concepts",Advanced Concepts
Implement server-side rendering in a React project.,"**Date:** 2025-02-16
**Module:** Advanced Concepts
**Topic:** Advanced React Concepts",Advanced Concepts
"Use advanced hooks: useMemo, useCallback, useReducer.","**Date:** 2025-02-17
**Module:** Advanced Concepts
**Topic:** Advanced React Concepts",Advanced Concepts
Optimize app performance with lazy loading.,"**Date:** 2025-02-17
**Module:** Advanced Concepts
**Topic:** Advanced React Concepts",Advanced Concepts
Add memoization to the Kanban Board App.,"**Date:** 2025-02-17
**Module:** Advanced Concepts
**Topic:** Advanced React Concepts",Advanced Concepts
Implement server-side rendering in a React project.,"**Date:** 2025-02-17
**Module:** Advanced Concepts
**Topic:** Advanced React Concepts",Advanced Concepts
"Use advanced hooks: useMemo, useCallback, useReducer.","**Date:** 2025-02-18
**Module:** Advanced Concepts
**Topic:** Advanced React Concepts",Advanced Concepts
Optimize app performance with lazy loading.,"**Date:** 2025-02-18
**Module:** Advanced Concepts
**Topic:** Advanced React Concepts",Advanced Concepts
Add memoization to the Kanban Board App.,"**Date:** 2025-02-18
**Module:** Advanced Concepts
**Topic:** Advanced React Concepts",Advanced Concepts
Implement server-side rendering in a React project.,"**Date:** 2025-02-18
**Module:** Advanced Concepts
**Topic:** Advanced React Concepts",Advanced Concepts
Learn advanced state management with Vuex modules.,"**Date:** 2025-02-26
**Module:** Advanced Concepts
**Topic:** Advanced Vue.js Concepts",Advanced Concepts
Implement custom directives in Vue.,"**Date:** 2025-02-26
**Module:** Advanced Concepts
**Topic:** Advanced Vue.js Concepts",Advanced Concepts
Refactor the Admin Dashboard for scalability.,"**Date:** 2025-02-26
**Module:** Advanced Concepts
**Topic:** Advanced Vue.js Concepts",Advanced Concepts
Explore building plugins for reusable functionality.,"**Date:** 2025-02-26
**Module:** Advanced Concepts
**Topic:** Advanced Vue.js Concepts",Advanced Concepts
Learn advanced state management with Vuex modules.,"**Date:** 2025-02-27
**Module:** Advanced Concepts
**Topic:** Advanced Vue.js Concepts",Advanced Concepts
Implement custom directives in Vue.,"**Date:** 2025-02-27
**Module:** Advanced Concepts
**Topic:** Advanced Vue.js Concepts",Advanced Concepts
Refactor the Admin Dashboard for scalability.,"**Date:** 2025-02-27
**Module:** Advanced Concepts
**Topic:** Advanced Vue.js Concepts",Advanced Concepts
Explore building plugins for reusable functionality.,"**Date:** 2025-02-27
**Module:** Advanced Concepts
**Topic:** Advanced Vue.js Concepts",Advanced Concepts
Learn advanced state management with Vuex modules.,"**Date:** 2025-02-28
**Module:** Advanced Concepts
**Topic:** Advanced Vue.js Concepts",Advanced Concepts
Implement custom directives in Vue.,"**Date:** 2025-02-28
**Module:** Advanced Concepts
**Topic:** Advanced Vue.js Concepts",Advanced Concepts
Refactor the Admin Dashboard for scalability.,"**Date:** 2025-02-28
**Module:** Advanced Concepts
**Topic:** Advanced Vue.js Concepts",Advanced Concepts
Explore building plugins for reusable functionality.,"**Date:** 2025-02-28
**Module:** Advanced Concepts
**Topic:** Advanced Vue.js Concepts",Advanced Concepts
Learn advanced state management with Vuex modules.,"**Date:** 2025-03-01
**Module:** Advanced Concepts
**Topic:** Advanced Vue.js Concepts",Advanced Concepts
Implement custom directives in Vue.,"**Date:** 2025-03-01
**Module:** Advanced Concepts
**Topic:** Advanced Vue.js Concepts",Advanced Concepts
Refactor the Admin Dashboard for scalability.,"**Date:** 2025-03-01
**Module:** Advanced Concepts
**Topic:** Advanced Vue.js Concepts",Advanced Concepts
Explore building plugins for reusable functionality.,"**Date:** 2025-03-01
**Module:** Advanced Concepts
**Topic:** Advanced Vue.js Concepts",Advanced Concepts
Learn advanced state management with Vuex modules.,"**Date:** 2025-03-02
**Module:** Advanced Concepts
**Topic:** Advanced Vue.js Concepts",Advanced Concepts
Implement custom directives in Vue.,"**Date:** 2025-03-02
**Module:** Advanced Concepts
**Topic:** Advanced Vue.js Concepts",Advanced Concepts
Refactor the Admin Dashboard for scalability.,"**Date:** 2025-03-02
**Module:** Advanced Concepts
**Topic:** Advanced Vue.js Concepts",Advanced Concepts
Explore building plugins for reusable functionality.,"**Date:** 2025-03-02
**Module:** Advanced Concepts
**Topic:** Advanced Vue.js Concepts",Advanced Concepts
Learn advanced state management with Vuex modules.,"**Date:** 2025-03-03
**Module:** Advanced Concepts
**Topic:** Advanced Vue.js Concepts",Advanced Concepts
Implement custom directives in Vue.,"**Date:** 2025-03-03
**Module:** Advanced Concepts
**Topic:** Advanced Vue.js Concepts",Advanced Concepts
Refactor the Admin Dashboard for scalability.,"**Date:** 2025-03-03
**Module:** Advanced Concepts
**Topic:** Advanced Vue.js Concepts",Advanced Concepts
Explore building plugins for reusable functionality.,"**Date:** 2025-03-03
**Module:** Advanced Concepts
**Topic:** Advanced Vue.js Concepts",Advanced Concepts
Learn advanced state management with Vuex modules.,"**Date:** 2025-03-04
**Module:** Advanced Concepts
**Topic:** Advanced Vue.js Concepts",Advanced Concepts
Implement custom directives in Vue.,"**Date:** 2025-03-04
**Module:** Advanced Concepts
**Topic:** Advanced Vue.js Concepts",Advanced Concepts
Refactor the Admin Dashboard for scalability.,"**Date:** 2025-03-04
**Module:** Advanced Concepts
**Topic:** Advanced Vue.js Concepts",Advanced Concepts
Explore building plugins for reusable functionality.,"**Date:** 2025-03-04
**Module:** Advanced Concepts
**Topic:** Advanced Vue.js Concepts",Advanced Concepts
Set up navigation with React Navigation.,"**Date:** 2025-03-19
**Module:** React Native Basics
**Topic:** Navigation & API Integration",React Native Basics
Fetch and display data from an external API.,"**Date:** 2025-03-19
**Module:** React Native Basics
**Topic:** Navigation & API Integration",React Native Basics
Implement pagination or infinite scroll.,"**Date:** 2025-03-19
**Module:** React Native Basics
**Topic:** Navigation & API Integration",React Native Basics
Extend the Habit Tracker App with analytics.,"**Date:** 2025-03-19
**Module:** React Native Basics
**Topic:** Navigation & API Integration",React Native Basics
Set up navigation with React Navigation.,"**Date:** 2025-03-20
**Module:** React Native Basics
**Topic:** Navigation & API Integration",React Native Basics
Fetch and display data from an external API.,"**Date:** 2025-03-20
**Module:** React Native Basics
**Topic:** Navigation & API Integration",React Native Basics
Implement pagination or infinite scroll.,"**Date:** 2025-03-20
**Module:** React Native Basics
**Topic:** Navigation & API Integration",React Native Basics
Extend the Habit Tracker App with analytics.,"**Date:** 2025-03-20
**Module:** React Native Basics
**Topic:** Navigation & API Integration",React Native Basics
Set up navigation with React Navigation.,"**Date:** 2025-03-21
**Module:** React Native Basics
**Topic:** Navigation & API Integration",React Native Basics
Fetch and display data from an external API.,"**Date:** 2025-03-21
**Module:** React Native Basics
**Topic:** Navigation & API Integration",React Native Basics
Implement pagination or infinite scroll.,"**Date:** 2025-03-21
**Module:** React Native Basics
**Topic:** Navigation & API Integration",React Native Basics
Extend the Habit Tracker App with analytics.,"**Date:** 2025-03-21
**Module:** React Native Basics
**Topic:** Navigation & API Integration",React Native Basics
Set up navigation with React Navigation.,"**Date:** 2025-03-22
**Module:** React Native Basics
**Topic:** Navigation & API Integration",React Native Basics
Fetch and display data from an external API.,"**Date:** 2025-03-22
**Module:** React Native Basics
**Topic:** Navigation & API Integration",React Native Basics
Implement pagination or infinite scroll.,"**Date:** 2025-03-22
**Module:** React Native Basics
**Topic:** Navigation & API Integration",React Native Basics
Extend the Habit Tracker App with analytics.,"**Date:** 2025-03-22
**Module:** React Native Basics
**Topic:** Navigation & API Integration",React Native Basics
Set up navigation with React Navigation.,"**Date:** 2025-03-23
**Module:** React Native Basics
**Topic:** Navigation & API Integration",React Native Basics
Fetch and display data from an external API.,"**Date:** 2025-03-23
**Module:** React Native Basics
**Topic:** Navigation & API Integration",React Native Basics
Implement pagination or infinite scroll.,"**Date:** 2025-03-23
**Module:** React Native Basics
**Topic:** Navigation & API Integration",React Native Basics
Extend the Habit Tracker App with analytics.,"**Date:** 2025-03-23
**Module:** React Native Basics
**Topic:** Navigation & API Integration",React Native Basics
Set up navigation with React Navigation.,"**Date:** 2025-03-24
**Module:** React Native Basics
**Topic:** Navigation & API Integration",React Native Basics
Fetch and display data from an external API.,"**Date:** 2025-03-24
**Module:** React Native Basics
**Topic:** Navigation & API Integration",React Native Basics
Implement pagination or infinite scroll.,"**Date:** 2025-03-24
**Module:** React Native Basics
**Topic:** Navigation & API Integration",React Native Basics
Extend the Habit Tracker App with analytics.,"**Date:** 2025-03-24
**Module:** React Native Basics
**Topic:** Navigation & API Integration",React Native Basics
Set up navigation with React Navigation.,"**Date:** 2025-03-25
**Module:** React Native Basics
**Topic:** Navigation & API Integration",React Native Basics
Fetch and display data from an external API.,"**Date:** 2025-03-25
**Module:** React Native Basics
**Topic:** Navigation & API Integration",React Native Basics
Implement pagination or infinite scroll.,"**Date:** 2025-03-25
**Module:** React Native Basics
**Topic:** Navigation & API Integration",React Native Basics
Extend the Habit Tracker App with analytics.,"**Date:** 2025-03-25
**Module:** React Native Basics
**Topic:** Navigation & API Integration",React Native Basics
Access device features like GPS and camera.,"**Date:** 2025-03-26
**Module:** React Native Basics
**Topic:** Native Modules",React Native Basics
Handle platform differences (iOS vs. Android).,"**Date:** 2025-03-26
**Module:** React Native Basics
**Topic:** Native Modules",React Native Basics
Add geolocation tracking to the Habit Tracker App.,"**Date:** 2025-03-26
**Module:** React Native Basics
**Topic:** Native Modules",React Native Basics
Test device-specific functionality.,"**Date:** 2025-03-26
**Module:** React Native Basics
**Topic:** Native Modules",React Native Basics
Access device features like GPS and camera.,"**Date:** 2025-03-27
**Module:** React Native Basics
**Topic:** Native Modules",React Native Basics
Handle platform differences (iOS vs. Android).,"**Date:** 2025-03-27
**Module:** React Native Basics
**Topic:** Native Modules",React Native Basics
Add geolocation tracking to the Habit Tracker App.,"**Date:** 2025-03-27
**Module:** React Native Basics
**Topic:** Native Modules",React Native Basics
Test device-specific functionality.,"**Date:** 2025-03-27
**Module:** React Native Basics
**Topic:** Native Modules",React Native Basics
Access device features like GPS and camera.,"**Date:** 2025-03-28
**Module:** React Native Basics
**Topic:** Native Modules",React Native Basics
Handle platform differences (iOS vs. Android).,"**Date:** 2025-03-28
**Module:** React Native Basics
**Topic:** Native Modules",React Native Basics
Add geolocation tracking to the Habit Tracker App.,"**Date:** 2025-03-28
**Module:** React Native Basics
**Topic:** Native Modules",React Native Basics
Test device-specific functionality.,"**Date:** 2025-03-28
**Module:** React Native Basics
**Topic:** Native Modules",React Native Basics
Access device features like GPS and camera.,"**Date:** 2025-03-29
**Module:** React Native Basics
**Topic:** Native Modules",React Native Basics
Handle platform differences (iOS vs. Android).,"**Date:** 2025-03-29
**Module:** React Native Basics
**Topic:** Native Modules",React Native Basics
Add geolocation tracking to the Habit Tracker App.,"**Date:** 2025-03-29
**Module:** React Native Basics
**Topic:** Native Modules",React Native Basics
Test device-specific functionality.,"**Date:** 2025-03-29
**Module:** React Native Basics
**Topic:** Native Modules",React Native Basics
Access device features like GPS and camera.,"**Date:** 2025-03-30
**Module:** React Native Basics
**Topic:** Native Modules",React Native Basics
Handle platform differences (iOS vs. Android).,"**Date:** 2025-03-30
**Module:** React Native Basics
**Topic:** Native Modules",React Native Basics
Add geolocation tracking to the Habit Tracker App.,"**Date:** 2025-03-30
**Module:** React Native Basics
**Topic:** Native Modules",React Native Basics
Test device-specific functionality.,"**Date:** 2025-03-30
**Module:** React Native Basics
**Topic:** Native Modules",React Native Basics
Access device features like GPS and camera.,"**Date:** 2025-03-31
**Module:** React Native Basics
**Topic:** Native Modules",React Native Basics
Handle platform differences (iOS vs. Android).,"**Date:** 2025-03-31
**Module:** React Native Basics
**Topic:** Native Modules",React Native Basics
Add geolocation tracking to the Habit Tracker App.,"**Date:** 2025-03-31
**Module:** React Native Basics
**Topic:** Native Modules",React Native Basics
Test device-specific functionality.,"**Date:** 2025-03-31
**Module:** React Native Basics
**Topic:** Native Modules",React Native Basics
Access device features like GPS and camera.,"**Date:** 2025-04-01
**Module:** React Native Basics
**Topic:** Native Modules",React Native Basics
Handle platform differences (iOS vs. Android).,"**Date:** 2025-04-01
**Module:** React Native Basics
**Topic:** Native Modules",React Native Basics
Add geolocation tracking to the Habit Tracker App.,"**Date:** 2025-04-01
**Module:** React Native Basics
**Topic:** Native Modules",React Native Basics
Test device-specific functionality.,"**Date:** 2025-04-01
**Module:** React Native Basics
**Topic:** Native Modules",React Native Basics
Profile and debug React Native apps.,"**Date:** 2025-04-02
**Module:** React Native Basics
**Topic:** Performance Optimization",React Native Basics
Optimize navigation and component rendering.,"**Date:** 2025-04-02
**Module:** React Native Basics
**Topic:** Performance Optimization",React Native Basics
Reduce bundle size for production builds.,"**Date:** 2025-04-02
**Module:** React Native Basics
**Topic:** Performance Optimization",React Native Basics
Finalize and optimize the Habit Tracker App.,"**Date:** 2025-04-02
**Module:** React Native Basics
**Topic:** Performance Optimization",React Native Basics
Profile and debug React Native apps.,"**Date:** 2025-04-03
**Module:** React Native Basics
**Topic:** Performance Optimization",React Native Basics
Optimize navigation and component rendering.,"**Date:** 2025-04-03
**Module:** React Native Basics
**Topic:** Performance Optimization",React Native Basics
Reduce bundle size for production builds.,"**Date:** 2025-04-03
**Module:** React Native Basics
**Topic:** Performance Optimization",React Native Basics
Finalize and optimize the Habit Tracker App.,"**Date:** 2025-04-03
**Module:** React Native Basics
**Topic:** Performance Optimization",React Native Basics
Profile and debug React Native apps.,"**Date:** 2025-04-04
**Module:** React Native Basics
**Topic:** Performance Optimization",React Native Basics
Optimize navigation and component rendering.,"**Date:** 2025-04-04
**Module:** React Native Basics
**Topic:** Performance Optimization",React Native Basics
Reduce bundle size for production builds.,"**Date:** 2025-04-04
**Module:** React Native Basics
**Topic:** Performance Optimization",React Native Basics
Finalize and optimize the Habit Tracker App.,"**Date:** 2025-04-04
**Module:** React Native Basics
**Topic:** Performance Optimization",React Native Basics
Profile and debug React Native apps.,"**Date:** 2025-04-05
**Module:** React Native Basics
**Topic:** Performance Optimization",React Native Basics
Optimize navigation and component rendering.,"**Date:** 2025-04-05
**Module:** React Native Basics
**Topic:** Performance Optimization",React Native Basics
Reduce bundle size for production builds.,"**Date:** 2025-04-05
**Module:** React Native Basics
**Topic:** Performance Optimization",React Native Basics
Finalize and optimize the Habit Tracker App.,"**Date:** 2025-04-05
**Module:** React Native Basics
**Topic:** Performance Optimization",React Native Basics
Profile and debug React Native apps.,"**Date:** 2025-04-06
**Module:** React Native Basics
**Topic:** Performance Optimization",React Native Basics
Optimize navigation and component rendering.,"**Date:** 2025-04-06
**Module:** React Native Basics
**Topic:** Performance Optimization",React Native Basics
Reduce bundle size for production builds.,"**Date:** 2025-04-06
**Module:** React Native Basics
**Topic:** Performance Optimization",React Native Basics
Finalize and optimize the Habit Tracker App.,"**Date:** 2025-04-06
**Module:** React Native Basics
**Topic:** Performance Optimization",React Native Basics
Profile and debug React Native apps.,"**Date:** 2025-04-07
**Module:** React Native Basics
**Topic:** Performance Optimization",React Native Basics
Optimize navigation and component rendering.,"**Date:** 2025-04-07
**Module:** React Native Basics
**Topic:** Performance Optimization",React Native Basics
Reduce bundle size for production builds.,"**Date:** 2025-04-07
**Module:** React Native Basics
**Topic:** Performance Optimization",React Native Basics
Finalize and optimize the Habit Tracker App.,"**Date:** 2025-04-07
**Module:** React Native Basics
**Topic:** Performance Optimization",React Native Basics
Profile and debug React Native apps.,"**Date:** 2025-04-08
**Module:** React Native Basics
**Topic:** Performance Optimization",React Native Basics
Optimize navigation and component rendering.,"**Date:** 2025-04-08
**Module:** React Native Basics
**Topic:** Performance Optimization",React Native Basics
Reduce bundle size for production builds.,"**Date:** 2025-04-08
**Module:** React Native Basics
**Topic:** Performance Optimization",React Native Basics
Finalize and optimize the Habit Tracker App.,"**Date:** 2025-04-08
**Module:** React Native Basics
**Topic:** Performance Optimization",React Native Basics
Research user requirements for the Resource Management System.,"**Date:** 2025-04-09
**Module:** Capstone Project
**Topic:** Planning & UI/UX Design",Capstone Project
Create wireframes and UI mockups.,"**Date:** 2025-04-09
**Module:** Capstone Project
**Topic:** Planning & UI/UX Design",Capstone Project
Decide on tech stack and architecture.,"**Date:** 2025-04-09
**Module:** Capstone Project
**Topic:** Planning & UI/UX Design",Capstone Project
Set up project structure and Git repository.,"**Date:** 2025-04-09
**Module:** Capstone Project
**Topic:** Planning & UI/UX Design",Capstone Project
Research user requirements for the Resource Management System.,"**Date:** 2025-04-10
**Module:** Capstone Project
**Topic:** Planning & UI/UX Design",Capstone Project
Create wireframes and UI mockups.,"**Date:** 2025-04-10
**Module:** Capstone Project
**Topic:** Planning & UI/UX Design",Capstone Project
Decide on tech stack and architecture.,"**Date:** 2025-04-10
**Module:** Capstone Project
**Topic:** Planning & UI/UX Design",Capstone Project
Set up project structure and Git repository.,"**Date:** 2025-04-10
**Module:** Capstone Project
**Topic:** Planning & UI/UX Design",Capstone Project
Research user requirements for the Resource Management System.,"**Date:** 2025-04-11
**Module:** Capstone Project
**Topic:** Planning & UI/UX Design",Capstone Project
Create wireframes and UI mockups.,"**Date:** 2025-04-11
**Module:** Capstone Project
**Topic:** Planning & UI/UX Design",Capstone Project
Decide on tech stack and architecture.,"**Date:** 2025-04-11
**Module:** Capstone Project
**Topic:** Planning & UI/UX Design",Capstone Project
Set up project structure and Git repository.,"**Date:** 2025-04-11
**Module:** Capstone Project
**Topic:** Planning & UI/UX Design",Capstone Project
Research user requirements for the Resource Management System.,"**Date:** 2025-04-12
**Module:** Capstone Project
**Topic:** Planning & UI/UX Design",Capstone Project
Create wireframes and UI mockups.,"**Date:** 2025-04-12
**Module:** Capstone Project
**Topic:** Planning & UI/UX Design",Capstone Project
Decide on tech stack and architecture.,"**Date:** 2025-04-12
**Module:** Capstone Project
**Topic:** Planning & UI/UX Design",Capstone Project
Set up project structure and Git repository.,"**Date:** 2025-04-12
**Module:** Capstone Project
**Topic:** Planning & UI/UX Design",Capstone Project
Research user requirements for the Resource Management System.,"**Date:** 2025-04-13
**Module:** Capstone Project
**Topic:** Planning & UI/UX Design",Capstone Project
Create wireframes and UI mockups.,"**Date:** 2025-04-13
**Module:** Capstone Project
**Topic:** Planning & UI/UX Design",Capstone Project
Decide on tech stack and architecture.,"**Date:** 2025-04-13
**Module:** Capstone Project
**Topic:** Planning & UI/UX Design",Capstone Project
Set up project structure and Git repository.,"**Date:** 2025-04-13
**Module:** Capstone Project
**Topic:** Planning & UI/UX Design",Capstone Project
Research user requirements for the Resource Management System.,"**Date:** 2025-04-14
**Module:** Capstone Project
**Topic:** Planning & UI/UX Design",Capstone Project
Create wireframes and UI mockups.,"**Date:** 2025-04-14
**Module:** Capstone Project
**Topic:** Planning & UI/UX Design",Capstone Project
Decide on tech stack and architecture.,"**Date:** 2025-04-14
**Module:** Capstone Project
**Topic:** Planning & UI/UX Design",Capstone Project
Set up project structure and Git repository.,"**Date:** 2025-04-14
**Module:** Capstone Project
**Topic:** Planning & UI/UX Design",Capstone Project
Research user requirements for the Resource Management System.,"**Date:** 2025-04-15
**Module:** Capstone Project
**Topic:** Planning & UI/UX Design",Capstone Project
Create wireframes and UI mockups.,"**Date:** 2025-04-15
**Module:** Capstone Project
**Topic:** Planning & UI/UX Design",Capstone Project
Decide on tech stack and architecture.,"**Date:** 2025-04-15
**Module:** Capstone Project
**Topic:** Planning & UI/UX Design",Capstone Project
Set up project structure and Git repository.,"**Date:** 2025-04-15
**Module:** Capstone Project
**Topic:** Planning & UI/UX Design",Capstone Project
Design database schema for the Resource Management System.,"**Date:** 2025-04-16
**Module:** Capstone Project
**Topic:** Backend Development",Capstone Project
Build REST APIs using .Net Core.,"**Date:** 2025-04-16
**Module:** Capstone Project
**Topic:** Backend Development",Capstone Project
Implement user authentication with OAuth.,"**Date:** 2025-04-16
**Module:** Capstone Project
**Topic:** Backend Development",Capstone Project
Test APIs using Postman or Insomnia.,"**Date:** 2025-04-16
**Module:** Capstone Project
**Topic:** Backend Development",Capstone Project
Design database schema for the Resource Management System.,"**Date:** 2025-04-17
**Module:** Capstone Project
**Topic:** Backend Development",Capstone Project
Build REST APIs using .Net Core.,"**Date:** 2025-04-17
**Module:** Capstone Project
**Topic:** Backend Development",Capstone Project
Implement user authentication with OAuth.,"**Date:** 2025-04-17
**Module:** Capstone Project
**Topic:** Backend Development",Capstone Project
Test APIs using Postman or Insomnia.,"**Date:** 2025-04-17
**Module:** Capstone Project
**Topic:** Backend Development",Capstone Project
Design database schema for the Resource Management System.,"**Date:** 2025-04-18
**Module:** Capstone Project
**Topic:** Backend Development",Capstone Project
Build REST APIs using .Net Core.,"**Date:** 2025-04-18
**Module:** Capstone Project
**Topic:** Backend Development",Capstone Project
Implement user authentication with OAuth.,"**Date:** 2025-04-18
**Module:** Capstone Project
**Topic:** Backend Development",Capstone Project
Test APIs using Postman or Insomnia.,"**Date:** 2025-04-18
**Module:** Capstone Project
**Topic:** Backend Development",Capstone Project
Design database schema for the Resource Management System.,"**Date:** 2025-04-19
**Module:** Capstone Project
**Topic:** Backend Development",Capstone Project
Build REST APIs using .Net Core.,"**Date:** 2025-04-19
**Module:** Capstone Project
**Topic:** Backend Development",Capstone Project
Implement user authentication with OAuth.,"**Date:** 2025-04-19
**Module:** Capstone Project
**Topic:** Backend Development",Capstone Project
Test APIs using Postman or Insomnia.,"**Date:** 2025-04-19
**Module:** Capstone Project
**Topic:** Backend Development",Capstone Project
Design database schema for the Resource Management System.,"**Date:** 2025-04-20
**Module:** Capstone Project
**Topic:** Backend Development",Capstone Project
Build REST APIs using .Net Core.,"**Date:** 2025-04-20
**Module:** Capstone Project
**Topic:** Backend Development",Capstone Project
Implement user authentication with OAuth.,"**Date:** 2025-04-20
**Module:** Capstone Project
**Topic:** Backend Development",Capstone Project
Test APIs using Postman or Insomnia.,"**Date:** 2025-04-20
**Module:** Capstone Project
**Topic:** Backend Development",Capstone Project
Design database schema for the Resource Management System.,"**Date:** 2025-04-21
**Module:** Capstone Project
**Topic:** Backend Development",Capstone Project
Build REST APIs using .Net Core.,"**Date:** 2025-04-21
**Module:** Capstone Project
**Topic:** Backend Development",Capstone Project
Implement user authentication with OAuth.,"**Date:** 2025-04-21
**Module:** Capstone Project
**Topic:** Backend Development",Capstone Project
Test APIs using Postman or Insomnia.,"**Date:** 2025-04-21
**Module:** Capstone Project
**Topic:** Backend Development",Capstone Project
Design database schema for the Resource Management System.,"**Date:** 2025-04-22
**Module:** Capstone Project
**Topic:** Backend Development",Capstone Project
Build REST APIs using .Net Core.,"**Date:** 2025-04-22
**Module:** Capstone Project
**Topic:** Backend Development",Capstone Project
Implement user authentication with OAuth.,"**Date:** 2025-04-22
**Module:** Capstone Project
**Topic:** Backend Development",Capstone Project
Test APIs using Postman or Insomnia.,"**Date:** 2025-04-22
**Module:** Capstone Project
**Topic:** Backend Development",Capstone Project
Set up a Vue.js or React frontend for the Resource Management System.,"**Date:** 2025-04-23
**Module:** Capstone Project
**Topic:** Frontend Web Development",Capstone Project
Integrate APIs with Axios or Fetch.,"**Date:** 2025-04-23
**Module:** Capstone Project
**Topic:** Frontend Web Development",Capstone Project
Implement resource CRUD functionality.,"**Date:** 2025-04-23
**Module:** Capstone Project
**Topic:** Frontend Web Development",Capstone Project
Style the web app with a modern UI library.,"**Date:** 2025-04-23
**Module:** Capstone Project
**Topic:** Frontend Web Development",Capstone Project
Set up a Vue.js or React frontend for the Resource Management System.,"**Date:** 2025-04-24
**Module:** Capstone Project
**Topic:** Frontend Web Development",Capstone Project
Integrate APIs with Axios or Fetch.,"**Date:** 2025-04-24
**Module:** Capstone Project
**Topic:** Frontend Web Development",Capstone Project
Implement resource CRUD functionality.,"**Date:** 2025-04-24
**Module:** Capstone Project
**Topic:** Frontend Web Development",Capstone Project
Style the web app with a modern UI library.,"**Date:** 2025-04-24
**Module:** Capstone Project
**Topic:** Frontend Web Development",Capstone Project
Set up a Vue.js or React frontend for the Resource Management System.,"**Date:** 2025-04-25
**Module:** Capstone Project
**Topic:** Frontend Web Development",Capstone Project
Integrate APIs with Axios or Fetch.,"**Date:** 2025-04-25
**Module:** Capstone Project
**Topic:** Frontend Web Development",Capstone Project
Implement resource CRUD functionality.,"**Date:** 2025-04-25
**Module:** Capstone Project
**Topic:** Frontend Web Development",Capstone Project
Style the web app with a modern UI library.,"**Date:** 2025-04-25
**Module:** Capstone Project
**Topic:** Frontend Web Development",Capstone Project
Set up a Vue.js or React frontend for the Resource Management System.,"**Date:** 2025-04-26
**Module:** Capstone Project
**Topic:** Frontend Web Development",Capstone Project
Integrate APIs with Axios or Fetch.,"**Date:** 2025-04-26
**Module:** Capstone Project
**Topic:** Frontend Web Development",Capstone Project
Implement resource CRUD functionality.,"**Date:** 2025-04-26
**Module:** Capstone Project
**Topic:** Frontend Web Development",Capstone Project
Style the web app with a modern UI library.,"**Date:** 2025-04-26
**Module:** Capstone Project
**Topic:** Frontend Web Development",Capstone Project
Set up a Vue.js or React frontend for the Resource Management System.,"**Date:** 2025-04-27
**Module:** Capstone Project
**Topic:** Frontend Web Development",Capstone Project
Integrate APIs with Axios or Fetch.,"**Date:** 2025-04-27
**Module:** Capstone Project
**Topic:** Frontend Web Development",Capstone Project
Implement resource CRUD functionality.,"**Date:** 2025-04-27
**Module:** Capstone Project
**Topic:** Frontend Web Development",Capstone Project
Style the web app with a modern UI library.,"**Date:** 2025-04-27
**Module:** Capstone Project
**Topic:** Frontend Web Development",Capstone Project
Set up a Vue.js or React frontend for the Resource Management System.,"**Date:** 2025-04-28
**Module:** Capstone Project
**Topic:** Frontend Web Development",Capstone Project
Integrate APIs with Axios or Fetch.,"**Date:** 2025-04-28
**Module:** Capstone Project
**Topic:** Frontend Web Development",Capstone Project
Implement resource CRUD functionality.,"**Date:** 2025-04-28
**Module:** Capstone Project
**Topic:** Frontend Web Development",Capstone Project
Style the web app with a modern UI library.,"**Date:** 2025-04-28
**Module:** Capstone Project
**Topic:** Frontend Web Development",Capstone Project
Set up a Vue.js or React frontend for the Resource Management System.,"**Date:** 2025-04-29
**Module:** Capstone Project
**Topic:** Frontend Web Development",Capstone Project
Integrate APIs with Axios or Fetch.,"**Date:** 2025-04-29
**Module:** Capstone Project
**Topic:** Frontend Web Development",Capstone Project
Implement resource CRUD functionality.,"**Date:** 2025-04-29
**Module:** Capstone Project
**Topic:** Frontend Web Development",Capstone Project
Style the web app with a modern UI library.,"**Date:** 2025-04-29
**Module:** Capstone Project
**Topic:** Frontend Web Development",Capstone Project
Develop a React Native app for mobile users.,"**Date:** 2025-04-30
**Module:** Capstone Project
**Topic:** Mobile App Development & Integration",Capstone Project
Integrate APIs for mobile functionality.,"**Date:** 2025-04-30
**Module:** Capstone Project
**Topic:** Mobile App Development & Integration",Capstone Project
Implement real-time updates with SignalR.,"**Date:** 2025-04-30
**Module:** Capstone Project
**Topic:** Mobile App Development & Integration",Capstone Project
Test and deploy the app to app stores.,"**Date:** 2025-04-30
**Module:** Capstone Project
**Topic:** Mobile App Development & Integration",Capstone Project
Develop a React Native app for mobile users.,"**Date:** 2025-05-01
**Module:** Capstone Project
**Topic:** Mobile App Development & Integration",Capstone Project
Integrate APIs for mobile functionality.,"**Date:** 2025-05-01
**Module:** Capstone Project
**Topic:** Mobile App Development & Integration",Capstone Project
Implement real-time updates with SignalR.,"**Date:** 2025-05-01
**Module:** Capstone Project
**Topic:** Mobile App Development & Integration",Capstone Project
Test and deploy the app to app stores.,"**Date:** 2025-05-01
**Module:** Capstone Project
**Topic:** Mobile App Development & Integration",Capstone Project
Develop a React Native app for mobile users.,"**Date:** 2025-05-02
**Module:** Capstone Project
**Topic:** Mobile App Development & Integration",Capstone Project
Integrate APIs for mobile functionality.,"**Date:** 2025-05-02
**Module:** Capstone Project
**Topic:** Mobile App Development & Integration",Capstone Project
Implement real-time updates with SignalR.,"**Date:** 2025-05-02
**Module:** Capstone Project
**Topic:** Mobile App Development & Integration",Capstone Project
Test and deploy the app to app stores.,"**Date:** 2025-05-02
**Module:** Capstone Project
**Topic:** Mobile App Development & Integration",Capstone Project
Develop a React Native app for mobile users.,"**Date:** 2025-05-03
**Module:** Capstone Project
**Topic:** Mobile App Development & Integration",Capstone Project
Integrate APIs for mobile functionality.,"**Date:** 2025-05-03
**Module:** Capstone Project
**Topic:** Mobile App Development & Integration",Capstone Project
Implement real-time updates with SignalR.,"**Date:** 2025-05-03
**Module:** Capstone Project
**Topic:** Mobile App Development & Integration",Capstone Project
Test and deploy the app to app stores.,"**Date:** 2025-05-03
**Module:** Capstone Project
**Topic:** Mobile App Development & Integration",Capstone Project
Develop a React Native app for mobile users.,"**Date:** 2025-05-04
**Module:** Capstone Project
**Topic:** Mobile App Development & Integration",Capstone Project
Integrate APIs for mobile functionality.,"**Date:** 2025-05-04
**Module:** Capstone Project
**Topic:** Mobile App Development & Integration",Capstone Project
Implement real-time updates with SignalR.,"**Date:** 2025-05-04
**Module:** Capstone Project
**Topic:** Mobile App Development & Integration",Capstone Project
Test and deploy the app to app stores.,"**Date:** 2025-05-04
**Module:** Capstone Project
**Topic:** Mobile App Development & Integration",Capstone Project
Develop a React Native app for mobile users.,"**Date:** 2025-05-05
**Module:** Capstone Project
**Topic:** Mobile App Development & Integration",Capstone Project
Integrate APIs for mobile functionality.,"**Date:** 2025-05-05
**Module:** Capstone Project
**Topic:** Mobile App Development & Integration",Capstone Project
Implement real-time updates with SignalR.,"**Date:** 2025-05-05
**Module:** Capstone Project
**Topic:** Mobile App Development & Integration",Capstone Project
Test and deploy the app to app stores.,"**Date:** 2025-05-05
**Module:** Capstone Project
**Topic:** Mobile App Development & Integration",Capstone Project
Develop a React Native app for mobile users.,"**Date:** 2025-05-06
**Module:** Capstone Project
**Topic:** Mobile App Development & Integration",Capstone Project
Integrate APIs for mobile functionality.,"**Date:** 2025-05-06
**Module:** Capstone Project
**Topic:** Mobile App Development & Integration",Capstone Project
Implement real-time updates with SignalR.,"**Date:** 2025-05-06
**Module:** Capstone Project
**Topic:** Mobile App Development & Integration",Capstone Project
Test and deploy the app to app stores.,"**Date:** 2025-05-06
**Module:** Capstone Project
**Topic:** Mobile App Development & Integration",Capstone Project
